,precision,recall,f1-score,support
negative,0.3333333333333333,0.3333333333333333,0.3333333333333333,6.0
neutral,0.625,0.8333333333333334,0.7142857142857143,6.0
positive,0.25,0.16666666666666666,0.2,6.0
accuracy,0.4444444444444444,0.4444444444444444,0.4444444444444444,0.4444444444444444
macro avg,0.40277777777777773,0.4444444444444445,0.4158730158730159,18.0
weighted avg,0.4027777777777778,0.4444444444444444,0.4158730158730159,18.0
