Класс,Precision,Recall,F1-score
negative,0.3333333333333333,0.3333333333333333,0.3333333333333333
neutral,0.625,0.8333333333333334,0.7142857142857143
positive,0.25,0.1666666666666666,0.2
