,precision,recall,f1-score,support
negative,0.0,0.0,0.0,6.0
neutral,0.0,0.0,0.0,6.0
positive,0.3333333333333333,1.0,0.5,6.0
accuracy,0.3333333333333333,0.3333333333333333,0.3333333333333333,0.3333333333333333
macro avg,0.1111111111111111,0.3333333333333333,0.16666666666666666,18.0
weighted avg,0.1111111111111111,0.3333333333333333,0.16666666666666666,18.0
