,precision,recall,f1-score,support
negative,0.3333333333333333,0.6666666666666666,0.4444444444444444,6.0
neutral,1.0,0.16666666666666666,0.2857142857142857,6.0
positive,0.4,0.3333333333333333,0.36363636363636365,6.0
accuracy,0.3888888888888889,0.3888888888888889,0.3888888888888889,0.3888888888888889
macro avg,0.5777777777777778,0.38888888888888884,0.3645983645983646,18.0
weighted avg,0.5777777777777778,0.3888888888888889,0.3645983645983646,18.0
